{"initial_reset_timestamp": 1600936544.3078728, "timestamps": [1600936562.7575722, 1600936576.954816, 1600936591.8929567, 1600936607.1302, 1600936621.1870492, 1600936636.4805646, 1600936649.6813085, 1600936665.5049446, 1600936680.9471636], "episode_lengths": [2854, 2934, 2937, 2933, 2759, 2933, 2759, 2850, 2886], "episode_rewards": [10.0, -2.0, -2.0, -2.0, 10.0, -2.0, 10.0, 10.0, 12.0], "episode_types": ["t", "t", "t", "t", "t", "t", "t", "t", "t", "t"]}