{"initial_reset_timestamp": 1600190407.743649, "timestamps": [1600190407.896645, 1600190408.0796514, 1600190408.3226492, 1600190408.5326455, 1600190408.7376468, 1600190408.9086478, 1600190409.136646, 1600190409.3311844, 1600190409.5532742, 1600190409.8082736, 1600190409.9522698, 1600190410.0754206, 1600190410.1914203, 1600190410.3034232, 1600190410.418464, 1600190410.533444, 1600190410.6534638, 1600190410.7784646, 1600190410.8964636, 1600190411.011464, 1600190411.1274657, 1600190411.2394657, 1600190411.3543081, 1600190411.4673102, 1600190411.5803075, 1600190411.6913102, 1600190411.8053071, 1600190411.9202673, 1600190412.0357091, 1600190412.1527326, 1600190412.2687476, 1600190412.3827498, 1600190412.49576, 1600190412.613749, 1600190412.723139, 1600190412.8341396, 1600190412.944111, 1600190413.0531402, 1600190413.1650481, 1600190413.278065, 1600190413.3900652, 1600190413.505026, 1600190413.6150255, 1600190413.7280347, 1600190413.843022, 1600190413.9570343, 1600190414.0711346, 1600190414.1851306, 1600190414.2965212, 1600190414.408489, 1600190414.522523, 1600190414.6345222, 1600190414.747484, 1600190414.8585217, 1600190414.9735215, 1600190415.0845222, 1600190415.194524, 1600190415.3035219, 1600190415.4126976, 1600190415.5206985, 1600190415.632698, 1600190415.7426982, 1600190415.8566976, 1600190415.9706979, 1600190416.0817645, 1600190416.1927648, 1600190416.307765, 1600190416.4197643, 1600190416.528775, 1600190416.6387646, 1600190416.7487283, 1600190416.858764, 1600190416.97176, 1600190417.081764, 1600190417.1897652, 1600190417.2997642, 1600190417.4107673, 1600190417.5207648, 1600190417.6327646, 1600190417.7437644, 1600190417.851765, 1600190417.962764, 1600190418.0757682, 1600190418.185765, 1600190418.2947767, 1600190418.4037647, 1600190418.5137646, 1600190418.6117647, 1600190418.719768, 1600190418.8307648, 1600190418.9407642, 1600190419.048941, 1600190419.1589398, 1600190419.2689395, 1600190419.3769395, 1600190419.4860172, 1600190419.5959766, 1600190419.7080135, 1600190419.820016, 1600190419.929998, 1600190420.0400138, 1600190420.1500137, 1600190420.2570136, 1600190420.3660147, 1600190420.4760141, 1600190420.5760145, 1600190420.6850138, 1600190420.7990167, 1600190420.9060154, 1600190421.016024, 1600190421.1240134, 1600190421.2340143, 1600190421.3459775, 1600190421.4550135, 1600190421.5650136, 1600190421.6569736, 1600190421.7670236, 1600190421.8750231, 1600190421.991023, 1600190422.1090145, 1600190422.225897, 1600190422.3429074, 1600190422.4589293, 1600190422.5764444, 1600190422.691435, 1600190422.8064444, 1600190422.9194381, 1600190423.0333974, 1600190423.150589, 1600190423.2655764, 1600190423.366545, 1600190423.5125432, 1600190423.657798, 1600190423.7998405, 1600190423.9157865, 1600190424.032797, 1600190424.1478333, 1600190424.2658083, 1600190424.381831, 1600190424.4718008, 1600190424.5828965, 1600190424.6969037, 1600190424.8369327, 1600190425.0031786, 1600190425.123186, 1600190425.2571821, 1600190425.399282, 1600190425.580283, 1600190425.773369, 1600190425.9373713, 1600190426.1383715, 1600190426.3004673, 1600190426.4714646, 1600190426.620466, 1600190426.7434628, 1600190426.8944683, 1600190427.0274675, 1600190427.155466, 1600190427.2534668, 1600190427.3865097, 1600190427.476493, 1600190427.605505, 1600190427.7177181, 1600190427.8307126, 1600190427.944674, 1600190428.0946875, 1600190428.215968, 1600190428.3209665, 1600190428.446964, 1600190428.5689688, 1600190428.673457, 1600190428.795409, 1600190428.9134161, 1600190429.0274372, 1600190429.1174223, 1600190429.212413, 1600190429.3254235, 1600190429.439451, 1600190429.5344558, 1600190429.6324086, 1600190429.7454479, 1600190429.8444533, 1600190429.9724135, 1600190430.0884554, 1600190430.2324207, 1600190430.3875062, 1600190430.5005362, 1600190430.6145, 1600190430.7285097, 1600190430.839499, 1600190430.9255407, 1600190431.0155344, 1600190431.1105008, 1600190431.2234983, 1600190431.3424978, 1600190431.4988654, 1600190431.6938684, 1600190431.8178637, 1600190431.952865, 1600190432.0758634, 1600190432.1728694, 1600190432.2928689, 1600190432.420865, 1600190432.5728626, 1600190432.671865, 1600190432.844869, 1600190432.999866, 1600190433.1548645, 1600190433.2869027, 1600190433.3729084, 1600190433.5268676, 1600190433.6538641, 1600190433.772863, 1600190433.9348633, 1600190434.0639062, 1600190434.2738645, 1600190434.5128648, 1600190434.773863, 1600190434.9518685, 1600190435.0908668, 1600190435.2198691, 1600190435.341864, 1600190435.4958744, 1600190435.6248739, 1600190435.7499163, 1600190435.8549204, 1600190435.9728582, 1600190436.071866, 1600190436.1768634, 1600190436.2908666, 1600190436.4188647, 1600190436.521865, 1600190436.6369061, 1600190436.724906, 1600190436.8269062, 1600190436.938868, 1600190437.0608673, 1600190437.1938627, 1600190437.317875, 1600190437.443865, 1600190437.5419083, 1600190437.6428845, 1600190437.7629066, 1600190437.8679059, 1600190437.9829023, 1600190438.0679061, 1600190438.1639092, 1600190438.2879162, 1600190438.3539157, 1600190438.463916, 1600190438.5689156, 1600190438.6519063, 1600190438.7628708, 1600190438.8749063, 1600190438.9829068, 1600190439.0939066, 1600190439.1808639, 1600190439.264906, 1600190439.3739138, 1600190439.4569066, 1600190439.561861, 1600190439.6578765, 1600190439.739906, 1600190439.8279061, 1600190439.9179733, 1600190440.0019338, 1600190440.0739727, 1600190440.1690392, 1600190440.28004, 1600190440.35104, 1600190440.46104, 1600190440.5260015, 1600190440.620996, 1600190440.7330391, 1600190440.844033, 1600190440.9240394, 1600190441.0079966, 1600190441.0960398, 1600190441.1810389, 1600190441.2930403, 1600190441.3869953, 1600190441.4770334, 1600190441.588033, 1600190441.6980386, 1600190441.809039, 1600190441.8930397, 1600190442.0010395, 1600190442.1140087, 1600190442.2070389, 1600190442.2940388, 1600190442.3790388, 1600190442.4420393, 1600190442.5290387, 1600190442.639033, 1600190442.72604, 1600190442.8100486, 1600190442.9190998, 1600190442.9840775, 1600190443.0750587, 1600190443.1660688, 1600190443.2601006, 1600190443.3481014, 1600190443.4351673, 1600190443.5461683, 1600190443.6551669, 1600190443.7521682, 1600190443.8271236, 1600190443.8981233, 1600190444.012125, 1600190444.1231232, 1600190444.1931236, 1600190444.2831244, 1600190444.3571234, 1600190444.4741235, 1600190444.5901232, 1600190444.7011242, 1600190444.7961235, 1600190444.8871238, 1600190445.0321357, 1600190445.152167, 1600190445.2411299, 1600190445.3241673, 1600190445.425168, 1600190445.531168, 1600190445.6151674, 1600190445.726168, 1600190445.8441672, 1600190445.9111686, 1600190445.979168, 1600190446.0893419, 1600190446.1993446, 1600190446.310549, 1600190446.404539, 1600190446.4865403, 1600190446.5745833, 1600190446.6425853, 1600190446.7065852, 1600190446.791578, 1600190446.879583, 1600190446.9636443, 1600190447.0737164, 1600190447.1777098, 1600190447.260716, 1600190447.3477156, 1600190447.4297156, 1600190447.512716, 1600190447.596717, 1600190447.705716, 1600190447.7917285, 1600190447.8787205, 1600190447.9597156, 1600190448.0247161, 1600190448.1167164, 1600190448.2037175, 1600190448.3147156, 1600190448.4237173, 1600190448.5306716, 1600190448.6217165, 1600190448.7067156, 1600190448.8167267, 1600190448.9006786, 1600190448.9847157, 1600190449.05271, 1600190449.1386728, 1600190449.2486732, 1600190449.3322406, 1600190449.4132037, 1600190449.4962425, 1600190449.5862417, 1600190449.6562037, 1600190449.74524, 1600190449.861204, 1600190449.9292047, 1600190450.0163367, 1600190450.1043043, 1600190450.1903014, 1600190450.2792988, 1600190450.3672988, 1600190450.4383025, 1600190450.5093377, 1600190450.5973372, 1600190450.681408, 1600190450.745304, 1600190450.8623133, 1600190450.9803107, 1600190451.0963497, 1600190451.1913495, 1600190451.3113499, 1600190451.43535, 1600190451.5473495, 1600190451.6623502, 1600190451.7533514, 1600190451.904337, 1600190452.085338, 1600190452.2553422, 1600190452.4184391, 1600190452.5674415, 1600190452.756451, 1600190452.9054523, 1600190453.0594509, 1600190453.1764517, 1600190453.3384402, 